#,Title,Source,Date,Author,Link,IC1,IC2,IC3
1,Game Test Automation Tools â€“ A Comprehensive Review and Comparison,iXie,2023-09-01,iXie Team,https://www.ixiegaming.com/blog/comprehensive-review-game-test-automation-tools/,x,x,
2,Top 6 Game Testing Tools You Need to Know,Test Sigma,2024-06-11,Testsigma Engineering Team,https://testsigma.com/blog/game-testing-tools/,x,x,
3,The Top Game Test Automation Tools You Need to Know About,iXie,2023-12-09,iXie Team,https://www.ixiegaming.com/blog/the-top-game-automation-tools/,x,,
4,Automated Game Testing Tools: 10 Types Worth Knowing,modl.ai,2024-03-08,Christoffer Holmgard,https://modl.ai/automated-game-testing-tools/,x,x,
5,"What Tools do You Need to Automate VideoGame Testing?",zappletech,2021-12-20,Sergey Almyashev,https://zapple.tech/blog/test-automation-frameworks/what-tools-do-you-need-to-automate-video-game-testing/,x,x,
6,"How to AutomateVideo Game Tests",Test Guild,2020-06-30,Joe Colantonio,https://testguild.com/automate-video-games/,x,,x
7,Game Automation Testing: Things to Consider Before You Go to Market,QAble,2023-09-05,Nishil Patel,https://www.qable.io/blog/game-automation-testing,x,x,
8,Game Testing Automation 101: Basic Tips and Strategies (with Case Studies),VNEXT Global,2023-09-18,Chi Vo,https://vnextglobal.com/category/blog/game-testing-automation-101-tips-case-studies,x,x,x
9,A Practical Guide to Test Automation Tools for Mobile Games,TestDevLab,2024-08-23,Nikita Jamrovskis,https://www.testdevlab.com/blog/a-practical-guide-to-test-automation-tools-for-mobile-games,x,,x
10,Level Up Your Game Development: The Power of Game Test Automation,T-Plan,2024-03-21,Anna Mountford,https://www.t-plan.com/level-up-your-game-automation/,x,,
11,Adding test automation to your game development project,AltTester,2024-06-10,Diana Serb,https://alttester.com/adding-test-automation-to-your-game-development-project/,,,x
12,Automate your playtesting: Create virtual players for game simulation,Unity,2020-12-11,Dylan Scandinaro,https://unity.com/blog/games/automate-your-playtesting-create-virtual-players-for-game-simulation,,,x
13,Video Game Test Automation: Factors to Consider Before Starting ,iXie,2023-10-26,iXie Team,https://www.ixiegaming.com/blog/factors-of-game-test-automation-to-consider/,x,,
14,Game Testing Tutorial: A Comprehensive Guide With Best Practices And Examples,LambdaTest,2023-09-29,Harish Rajora,https://www.lambdatest.com/learning-hub/game-testing,x,x,x
15,10 Best Mobile Game Testing Tools in 2024,HeadSpin,2024-08-29,Rohith Ramesh,https://www.headspin.io/blog/best-mobile-game-testing-tools,x,,
16,Enhance the performance of mobile games with automation testing,QAonCloud,2023-06-27,QAonCloud,https://www.qaoncloud.com/blog/automation-testing-for-mobile-games,x,x,
17,Automating Gameplay with TestComplete,SmartBear,2024-02-28,Gregory Mooney,https://smartbear.com/blog/automating-gameplay-with-testcomplete/,,,x
18,Is Game Automation the Next Generation of Testing?,QAble,2024-07-19,Nishil Patel,https://www.qable.io/blog/is-game-automation-the-next-generation-of-testing,x,,
19,A Comprehensive Guide to Automated Testing in Game Development with the Unity Test Framework,HeadSpin,2024-03-29,Rohan Singh,https://www.headspin.io/blog/unity-test-framework-for-running-automated-testing,,,x
20,Automating Mobile Game Testing,Yarsa Labs,2023-11-10,Sumana Ghimire,https://blog.yarsalabs.com/mobile-game-testing/,x,,